city,temperature,precipitation
Hanoi,26.84333333333333,11.68
Western Region,28.073333333333338,0.8900000000000001
Ho Chi Minh City,29.786250000000006,5.3100000000000005
Red River Delta,26.793333333333337,5.93
