city,temperature,precipitation
Hanoi,27.065555555555548,11.31
Western Region,28.76777777777778,0.8900000000000001
Ho Chi Minh City,30.473333333333333,5.3100000000000005
Red River Delta,27.015555555555547,5.93
